id1;id2;data_source;points;50km;20km;10km;5km;zone;X;Y
1;1;Igarka 2020;Игарка 1;0,628;0,631;0,651;0,769;taiga;86.71029;67.44536
3;3;Igarka 2020;Игарка 3;0,628;0,632;0,654;0,764;taiga;86.70785;67.44594
5;5;Igarka 2020;Игарка 5;0,622;0,654;0,791;0,802;taiga;86.63583;67.53111
6;6;Igarka 2020;Игарка 6;0,622;0,655;0,794;0,801;taiga;86.6361;67.53353
7;7;Igarka 2020;Игарка 7;0,621;0,654;0,7935;0,8;taiga;86.64016;67.53321
8;8;Igarka 2020;Играка 8;0,623;0,653;0,786;0,804;taiga;86.63004;67.52823
9;9;Igarka 2020;Игарка 9;0,623;0,653;0,783;0,806;taiga;86.62683;67.52691
1;LT1;Pollen_results_all.xlsx;LT2;0,962;0,953;0,93;0,901;taiga;100.5282;64.16555
3;LT2a1;Pollen_results_all.xlsx;LT2a1;0,962;0,953;0,94;0,902;taiga;100.5265;64.16452
4;LT2a2;Pollen_results_all.xlsx;LT2a2;0,962;0,953;0,94;0,902;taiga;100.5265;64.16452
5;LT3;Pollen_results_all.xlsx;WAITP1;0,962;0,953;0,94;0,901;taiga;100.5288;64.16558
7;WAITP2;Pollen_results_all.xlsx;WAITP2;0,96;0,952;0,917;0,849;taiga;100.1991;64.29155
8;SLT389;Pollen_results_all.xlsx;SLT389;0,962;0,953;0,94;0,901;taiga;100.5279;64.16544
9;SLT390;Pollen_results_all.xlsx;SLT390;0,962;0,953;0,94;0,902;taiga;100.5288;64.16333
10;SLT391;Pollen_results_all.xlsx;SLT391;0,962;0,945;0,944;0,984;taiga;100.3569;64.16277
11;SLT392;Pollen_results_all.xlsx;SLT392;0,962;0,953;0,94;0,905;taiga;100.5190;64.16275
12;SLT393;Pollen_results_all.xlsx;SLT393;0,962;0,953;0,94;0,906;taiga;100.5182;64.16258
13;SWAIT395;Pollen_results_all.xlsx;SWAIT395;0,96;0,952;0,916;0,85;taiga;100.1998;64.28986
14;SWAIT396;Pollen_results_all.xlsx;SWAIT396;0,96;0,952;0,916;0,85;taiga;100.1998;64.28988
15;SWAIT397;Pollen_results_all.xlsx;SWAIT397;0,96;0,952;0,916;0,851;taiga;100.198;64.28911
16;SWAIT398;Pollen_results_all.xlsx;SWAIT398;0,96;0,952;0,916;0,851;taiga;100.1974;64.28919
17;SWAIT399;Pollen_results_all.xlsx;SWAIT399;0,96;0,952;0,915;0,85;taiga;100.2040;64.28916
18;SLT403;Pollen_results_all.xlsx;SLT403;0,963;0,945;0,936;0,921;taiga;100.4856;64.20716
19;SLT404;Pollen_results_all.xlsx;SLT404;0,963;0,945;0,936;0,921;taiga;100.4831;64.20741
20;SLT405;Pollen_results_all.xlsx;SLT405;0,963;0,945;0,936;0,921;taiga;100.4854;64.20666
21;SLT406;Pollen_results_all.xlsx;SLT406;0,963;0,945;0,937;0,923;taiga;100.4884;64.20825
22;SLT407;Pollen_results_all.xlsx;SLT407;0,961;0,945;0,938;0,912;taiga;100.4396;64.21683
23;SLT408;Pollen_results_all.xlsx;SLT408;0,962;0,945;0,938;0,912;taiga;100.4406;64.21697
24;SLT409;Pollen_results_all.xlsx;SLT409;0,962;0,945;0,938;0,912;taiga;100.4398;64.217
25;SWT411;Pollen_results_all.xlsx;SWT411;0,96;0,948;0,925;0,893;taiga;100.1001;64.23211
26;SWT413=SLT413;Pollen_results_all.xlsx;SWT413;0,96;0,948;0,925;0,893;taiga;100.1001;64.23211
27;SWT414;Pollen_results_all.xlsx;SWT414;0,96;0,952;0,916;0,851;taiga;100.2097;64.29945
28;SWT415;Pollen_results_all.xlsx;SWT415;0,96;0,952;0,917;0,859;taiga;100.2168;64.30361
29;SWT416=SLT413;Pollen_results_all.xlsx;SWT416;0,96;0,952;0,92;0,874;taiga;100.2265;64.30918
30;SPB418;Pollen_results_all.xlsx;SPB418;0,959;0,952;0,922;0,917;taiga;100.2481;64.32666
31;SPB421;Pollen_results_all.xlsx;SPB421;0,150532033;0,169881083;0,204376496;0,279738013;putorana;91.55813;69.38716
32;SPB422;Pollen_results_all.xlsx;SPB422;0,150476615;0,169779622;0,204176074;0,281418919;putorana;91.55947;69.38686
33;SPB424;Pollen_results_all.xlsx;SPB424;0,150356832;0,169571078;0,204132331;0,284455721;putorana;91.56175;69.38647
34;SPB429;Pollen_results_all.xlsx;SPB429;0,149945495;0,167991708;0,204874993;0,292450604;putorana;91.57419;69.3835
35;SPB430;Pollen_results_all.xlsx;SPB430;0,15047165;0,169718801;0,207743702;0,269410535;putorana;91.55141;69.38986
36;SPB432;Pollen_results_all.xlsx;SPB432;0,151037364;0,170398667;0,204436748;0,268899503;putorana;91.55041;69.38822
37;SPB433;Pollen_results_all.xlsx;SPB433;0,151597345;0,170898476;0,20212047;0,263959414;putorana;91.54727;69.38733
38;SPB434;Pollen_results_all.xlsx;SPB434;0,152244694;0,171331942;0,199456274;0,257765;putorana;91.54408;69.38608
39;SPB435;Pollen_results_all.xlsx;SPB435;0,154619569;0,171297865;0,193306694;0,248782389;putorana;91.53741;69.379
40;SPB436;Pollen_results_all.xlsx;SPB436;0,144534926;0,163653917;0,231881973;0,288274826;putorana;91.58863;69.39555
41;SPB437;Pollen_results_all.xlsx;SPB437;0,144584577;0,163658201;0,231454827;0,288716163;putorana;91.58875;69.39536
42;SPB417;Pollen_results_all.xlsx;SPB417;0,150008091;0,169325647;0,207012395;0,28160723;putorana;91.56;69.38841
43;SPG438;Pollen_results_all.xlsx;SPG438;0,14446645;0,189523058;0,237605441;0,341088477;putorana;91.44083;69.47138
44;SPG443;Pollen_results_all.xlsx;SPG443;0,144236508;0,188721099;0,238584355;0,338232387;putorana;91.44083;69.47416
45;SPG444;Pollen_results_all.xlsx;SPG444;0,143569347;0,188682305;0,238904336;0,344746751;putorana;91.44563;69.47266
46;SPG445;Pollen_results_all.xlsx;SPG445;0,144259732;0,189442719;0,237773877;0,342449597;putorana;91.44208;69.47125
47;SPG447;Pollen_results_all.xlsx;SPG447;0,144622933;0,189654132;0,237407492;0,340361311;putorana;91.43997;69.47127
48;SPG448;Pollen_results_all.xlsx;SPG448;0,144612419;0,189364187;0,237713329;0,338994168;putorana;91.43969;69.47225
49;SPG450;Pollen_results_all.xlsx;SPB472;0,145188982;0,189599634;0,23731734;0,333704361;putorana;91.43577;69.47291
51;SPB473;Pollen_results_all.xlsx;SPB473;0,157;0,173176743;0,181402635;0,193732743;putorana;91.49897;69.38516
52;SPB474;Pollen_results_all.xlsx;SPB474;0,157;0,173289051;0,178779769;0,187530625;putorana;91.49838;69.38291
53;PFIV;Pollen_results_all.xlsx;PFIV;0,374287941;0,293;0,321;0,300173292;putorana;92.04611;68.16027
54;AFOX;Pollen_results_all.xlsx;AFOX;0,345892298;0,245;0,247;0,206768654;putorana;92.22805;68.16638
55;ARTE;Pollen_results_all.xlsx;ARTE;0,361587768;0,265;0,281769362;0,22993102;putorana;92.17444;68.15083
56;WILD1;Pollen_results_all.xlsx;WILD1;0,34218819;0,245;0,230485673;0,198893518;putorana;92.24055;68.17
57;IGAR;Pollen_results_all.xlsx;IGAR2;0,633;0,656;0,662;0,845;taiga;86.5575;67.50888
ПП1;1;Tura 2021;Тура ПП1 аэропорт;0,959;0,943;0,951;0,943;taiga;100.4309;64.31831
ПП2;3;Tura 2021;Тура Гарь 2013;0,959;0,944;0,95;0,943;taiga;100.4279;64.31890
ПП4;10;Tura 2021;Тура Т10 ПП4;0,959;0,951;0,921;0,917;taiga;100.2531;64.32458
ПП5;11;Tura 2021;Руч. 9 ПП5;0,959;0,952;0,926;0,916;taiga;100.2267;64.32734
ПП6;12;Tura 2021;Гарь 1993 Т12 ПП6;0,959;0,952;0,926;0,915;taiga;100.2285;64.32904
Binney2017_E2934;;EMPD2;Binney2017_E2934;0,174016116;0,17229283;0,161030042;0,145802665;tundra-forest;86.57;69.23
Binney2017_E2973;;EMPD2;Binney2017_E2973;0,000201337;0,000259615;0,000228857;6,21054E-05;tundra;99.83;72.52
Binney2017_E2974;;EMPD2;Binney2017_E2974;0,000214222;0,000287189;0,000232578;6,60865E-05;tundra;99.83;72.5
Binney2017_E2975;;EMPD2;Binney2017_E2975;0,000214222;0,000287189;0,000232578;6,60865E-05;tundra;99.83;72.5
Binney2017_E2976;;EMPD2;Binney2017_E2976;0,000214222;0,000287189;0,000232578;6,60865E-05;tundra;99.83;72.5
Binney2017_E2977;;EMPD2;Binney2017_E2977;0,000214222;0,000287189;0,000232578;6,60865E-05;tundra;99.83;72.5
Binney2017_E2978;;EMPD2;Binney2017_E2978;0,000214222;0,000287189;0,000232578;6,60865E-05;tundra;99.83;72.5
Binney2017_E3165;;EMPD2;Binney2017_E3165;0,045587296;0,024035243;0,009263613;0,008621953;tundra;87.52;70.2
Binney2017_E3166;;EMPD2;Binney2017_E3166;0,044207506;0,021444702;0,009819135;0,008560022;tundra;87.5;70.22
Binney2017_E3167;;EMPD2;Binney2017_E3167;0,045902642;0,024662714;0,009545894;0,008979809;tundra;87.54;70.2
Binney2017_E3187;;EMPD2;Binney2017_E3187;0,466;0,665;0,754;0,719;taiga;87.2;68.12
Binney2017_E3423;LAO1494;EMPD2;Binney2017_E3423;0,060371528;7,45417E-05;4,43073E-05;3,1848E-05;tundra;99.6;72.19
Binney2017_E3424;LAO694;EMPD2;Binney2017_E3424;3,95962E-05;3,67017E-05;5,17279E-05;0,000158848;tundra;99.71;73.39
Binney2017_E3444;PG1111;EMPD2;Binney2017_E3444;0,204;0,279491323;0,264523863;0,210048275;putorana;90.2;69.53
Binney2017_E3504;R084;EMPD2;Binney2017_E3504;0,627760568;0,697055967;0,731928039;0,712108459;taiga;125;64
Binney2017_E3505;R085;EMPD2;Binney2017_E3505;0,627760568;0,697055967;0,731928039;0,712108459;taiga;125;64
Binney2017_E3506;R086;EMPD2;Binney2017_E3506;0,627760568;0,697055967;0,731928039;0,712108459;taiga;125;64
Binney2017_E3507;R087;EMPD2;Binney2017_E3507;0,627760568;0,697055967;0,731928039;0,712108459;taiga;125;64
Binney2017_E3537;R125;EMPD2;Binney2017_E3537;0,815053664;0,730695232;0,798021366;0,828018027;taiga;118.5;63.5
Binney2017_E3538;R126;EMPD2;Binney2017_E3538;0,865220535;0,840084103;0,856095253;0,944009207;taiga;117.5;62.25
Binney2017_E3539;R127;EMPD2;Binney2017_E3539;0,865220535;0,840084103;0,856095253;0,944009207;taiga;117.5;62.25
Binney2017_E3540;R128;EMPD2;Binney2017_E3540;0,741577166;0,627183762;0,602288401;0,50164677;taiga;128.75;63.5
Binney2017_E3541;R129;EMPD2;Binney2017_E3541;0,598544725;0,593225803;0,677176266;0,625641171;taiga;129.5;62.25
Binney2017_E3542;R130;EMPD2;Binney2017_E3542;0,598544725;0,593225803;0,677176266;0,625641171;taiga;129.5;62.25
Binney2017_E3543;R131;EMPD2;Binney2017_E3543;0,741577166;0,627183762;0,602288401;0,50164677;taiga;128.75;63.5
Binney2017_E3544;R132;EMPD2;Binney2017_E3544;0,614521031;0,70359422;0,828028384;0,820567765;taiga;129.33;62
Binney2017_E3545;R133;EMPD2;Binney2017_E3545;0,614521031;0,70359422;0,828028384;0,820567765;taiga;129.33;62
Binney2017_E3546;R134;EMPD2;Binney2017_E3546;0,614521031;0,70359422;0,828028384;0,820567765;taiga;129.33;62
Binney2017_E3547;R135;EMPD2;Binney2017_E3547;0,741577166;0,627183762;0,602288401;0,50164677;taiga;128.75;63.5
Binney2017_E3548;R136;EMPD2;Binney2017_E3548;0,606172954;0,616967541;0,576426189;0,547471968;taiga;129.5;62.42
Binney2017_E3549;R137;EMPD2;Binney2017_E3549;0,614521031;0,70359422;0,828028384;0,820567765;taiga;129.33;62
Binney2017_E3550;R138;EMPD2;Binney2017_E3550;0,614521031;0,70359422;0,828028384;0,820567765;taiga;129.33;62
Binney2017_E3551;R139;EMPD2;Binney2017_E3551;0,78446307;0,669146718;0,699259039;0,653199623;taiga;132.17;62
Binney2017_E3552;R140;EMPD2;Binney2017_E3552;0,78446307;0,669146718;0,699259039;0,653199623;taiga;132.17;62
Binney2017_E3553;R141;EMPD2;Binney2017_E3553;0,78446307;0,669146718;0,699259039;0,653199623;taiga;132.17;62
Binney2017_E3554;R142;EMPD2;Binney2017_E3554;0,78446307;0,669146718;0,699259039;0,653199623;taiga;132.17;62
Binney2017_E3555;R143;EMPD2;Binney2017_E3555;0,78446307;0,669146718;0,699259039;0,653199623;taiga;132.17;62
Binney2017_E3556;R144;EMPD2;Binney2017_E3556;0,803475521;0,740936654;0,653931981;0,51472875;taiga;133.5;62.25
Binney2017_E3557;R145;EMPD2;Binney2017_E3557;0,803475521;0,740936654;0,653931981;0,51472875;taiga;133.5;62.25
Binney2017_E3558;R146;EMPD2;Binney2017_E3558;0,718813855;0,789334473;0,81113085;0,777359947;taiga;129;63.33
Binney2017_E3559;R147;EMPD2;Binney2017_E3559;0,718813855;0,789334473;0,81113085;0,777359947;taiga;129;63.33
Binney2017_E3560;R148;EMPD2;Binney2017_E3560;0,718813855;0,789334473;0,81113085;0,777359947;taiga;129;63.33
Binney2017_E3561;R149;EMPD2;Binney2017_E3561;0,718813855;0,789334473;0,81113085;0,777359947;taiga;129;63.33
Binney2017_E3562;R150;EMPD2;Binney2017_E3562;0,718813855;0,789334473;0,81113085;0,777359947;taiga;129;63.33
Binney2017_E3563;R151;EMPD2;Binney2017_E3563;0,810662666;0,74831544;0,831169918;0,855537828;taiga;127.5;63
Binney2017_E3564;R152;EMPD2;Binney2017_E3564;0,810662666;0,74831544;0,831169918;0,855537828;taiga;127.5;63
Binney2017_E3565;R153;EMPD2;Binney2017_E3565;0,810662666;0,74831544;0,831169918;0,855537828;taiga;127.5;63
Binney2017_E3566;R154;EMPD2;Binney2017_E3566;0,810662666;0,74831544;0,831169918;0,855537828;taiga;127.5;63
Binney2017_E3567;R155;EMPD2;Binney2017_E3567;0,619604913;0,74831544;0,831169918;0,855537828;taiga;129.37;61.98
Binney2017_E3569;R157;EMPD2;Binney2017_E3569;0,731659328;0,742428525;0,692339727;0,654083753;taiga;121.62;63.72
Binney2017_E3570;R158;EMPD2;Binney2017_E3570;0,690255839;0,690699594;0,582487672;0,488245739;taiga;123.25;63.67
Binney2017_E3571;R159;EMPD2;Binney2017_E3571;0,619604913;0,74831544;0,866807486;0,861286626;taiga;129.37;61.98
Binney2017_E3573;R161;EMPD2;Binney2017_E3573;0,783061841;0,818372373;0,759892398;0,704330183;taiga;120.97;64.83
Binney2017_E3574;R162;EMPD2;Binney2017_E3574;0,690255839;0,690699594;0,582487672;0,488245739;taiga;123.25;63.67
Binney2017_E3579;CLAYD04;EMPD2;Binney2017_E3579;0,159092726;0,197126889;0,105290806;0,106825435;tundra-forest;86.52;69.3
Binney2017_E3580;CLAYD05;EMPD2;Binney2017_E3580;0,156511342;0,195682232;0,132382654;0,100437968;tundra-forest;86.5;69.32
Binney2017_E3581;CLAYD06;EMPD2;Binney2017_E3581;0,158095151;0,196169414;0,104146627;0,095745465;tundra-forest;86.54;69.3
Binney2017_E3582;CLAYD07;EMPD2;Binney2017_E3582;0,153115293;0,191495133;0,165919302;0,091429219;tundra-forest;86.5;69.34
Binney2017_E3583;CLAYD08;EMPD2;Binney2017_E3583;0,188919446;0,188307583;0,214078693;0,235104977;tundra-forest;86.5;69.2
Binney2017_E3584;CLAYD09;EMPD2;Binney2017_E3584;0,187733574;0,18409372;0,205653756;0,226484135;tundra-forest;86.52;69.2
Binney2017_E3585;CLAYD10;EMPD2;Binney2017_E3585;0,1821513;0,187663815;0,18126031;0,170081492;tundra-forest;86.5;69.22
Binney2017_E3586;CLAYD11;EMPD2;Binney2017_E3586;0,186440173;0,179721282;0,199854224;0,22545334;tundra-forest;86.54;69.2
Binney2017_E3587;CLAYD12;EMPD2;Binney2017_E3587;0,175796867;0,189036324;0,145486549;0,157300947;tundra-forest;86.5;69.24
Binney2017_E3588;CLAYD13;EMPD2;Binney2017_E3588;0,18490216;0,175474767;0,195811775;0,21071245;tundra-forest;86.56;69.2
Binney2017_E3589;CLAYD14;EMPD2;Binney2017_E3589;0,170849253;0,187250121;0,121258929;0,141255959;tundra-forest;86.5;69.26
Binney2017_E3590;CLAYD15;EMPD2;Binney2017_E3590;0,183045163;0,170784583;0,193087263;0,198916103;tundra-forest;86.58;69.2
Binney2017_E3591;CLAYD16;EMPD2;Binney2017_E3591;0,124507094;0,191284154;0,098823941;0,0500011;tundra-forest;88.5;69.3
Binney2017_E3592;CLAYD17;EMPD2;Binney2017_E3592;0,126761559;0,19421955;0,109231885;0,0533464;tundra-forest;88.52;69.3
Binney2017_E3593;CLAYD18;EMPD2;Binney2017_E3593;0,123902775;0,216001523;0,172878701;0,065226542;tundra-forest;88.5;69.32
Binney2017_E3594;CLAYD19;EMPD2;Binney2017_E3594;0,129443554;0,196343247;0,120820914;0,056394913;tundra-forest;88.54;69.3
Binney2017_E3595;CLAYD20;EMPD2;Binney2017_E3595;0,123169567;0,234004588;0,258461096;0,16192311;tundra-forest;88.5;69.34
Binney2017_E3596;CLAYD21;EMPD2;Binney2017_E3596;0,468;0,688;0,779;0,783;taiga;87.2;68.1
Binney2017_E3597;CLAYD22;EMPD2;Binney2017_E3597;0,466;0,685;0,776;0,781;taiga;87.22;68.1
EPDcoretop_E1707;EPDcoretop_E1707;EMPD2;EPDcoretop_E1707;0,617237413;0,437642986;0,58882342;0,681858673;taiga;125.04;65.04
EPDcoretop_E2041;EPDcoretop_E2041;EMPD2;EPDcoretop_E2041;0,129753572;0,097981673;0,127199278;0,152839394;tundra;102.24;72.24
Klemm_a1;11-CH-01;EMPD2;Klemm_a1;0,314396363;0,513957091;0,56791163;0,628859913;tundra-forest;103.2132;71.9488
Klemm_a2;11-CH-02;EMPD2;Klemm_a2;0,37106439;0,48747967;0,558772623;0,637144238;tundra-forest;102.8828;71.83622
Klemm_a3;11-CH-05;EMPD2;Klemm_a3;0,5045926;0,638462181;0,728160149;0,717997194;tundra-forest;101.0254;71.22469
Klemm_a4;11-CH-06;EMPD2;Klemm_a4;0,392113139;0,51029883;0,573927076;0,698973011;tundra-forest;97.71586;70.66744
Klemm_a5;11-CH-07;EMPD2;Klemm_a5;0,392396336;0,514381882;0,57826936;0,70751252;tundra-forest;97.72353;70.66725
Klemm_a6;11-CH-08;EMPD2;Klemm_a6;0,393385229;0,514035108;0,577822072;0,697973369;tundra-forest;97.72728;70.67011
Klemm_a7;11-CH-10;EMPD2;Klemm_a7;0,394132935;0,512125523;0,573446173;0,685718083;tundra-forest;97.72633;70.67261
Klemm_a8;11-CH-11;EMPD2;Klemm_a8;0,396195732;0,429754084;0,510448749;0,673177054;tundra-forest;97.64917;70.90111
Klemm_a9;11-CH-12;EMPD2;Klemm_a9;0,064760105;0,020452737;0,004296088;0,000516236;tundra;102.2887;72.39886
Klemm_a10;11-CH-14;EMPD2;Klemm_a10;0,065033227;0,020722458;0,004581096;0,000523932;tundra;102.2884;72.39775
Klemm_a11;11-CH-16;EMPD2;Klemm_a11;0,106706655;0,052863628;0,057608705;0,052203712;tundra;102.3746;72.30714
Klemm_a12;11-CH-17;EMPD2;Klemm_a12;0,12687116;0,095497577;0,123154696;0,146598857;tundra;102.2357;72.24454
Klemm_a13;11-CH-18;EMPD2;Klemm_a13;0,106711541;0,052868751;0,057611559;0,05222145;tundra;102.3746;72.30713
Klemm_a14;11-CH-19;EMPD2;Klemm_a14;0,118813033;0,090790272;0,109040358;0,132866968;tundra;102.2127;72.255
Klemm_a15;11-CH-20;EMPD2;Klemm_a15;0,117611382;0,08907152;0,105897196;0,129569202;tundra;102.2156;72.25769
Muller_a17;07-NA-01;EMPD2;Muller_a17;0,601346339;0,609414321;0,698133336;0,806995929;taiga;129.486;62.206
Muller_a18;07-NA-02;EMPD2;Muller_a18;0,608345049;0,594990688;0,746632969;0,801799104;taiga;129.514;62.171
Muller_a19;07-NA-03;EMPD2;Muller_a19;0,684552317;0,621923049;0,713236429;0,671062663;taiga;129.368;62.857
Muller_a20;07-NA-04;EMPD2;Muller_a20;0,677410246;0,539149153;0,556325381;0,657467522;taiga;129.468;62.856
Muller_a37;07-WI-01;EMPD2;Muller_a37;0,615255422;0,703214635;0,698927932;0,76618367;taiga;129.192;62.084
Muller_a38;07-WI-02;EMPD2;Muller_a38;0,733487805;0,736369267;0,740757236;0,787308447;taiga;128.401;62.055
Muller_a39;07-WI-03;EMPD2;Muller_a39;0,800645655;0,859456205;0,891773275;0,89727841;taiga;127.746;62.233
Muller_a40;07-WI-04;EMPD2;Muller_a40;0,8373058;0,867874289;0,918557891;0,90324001;taiga;127.03;62.128
Muller_a41;07-WI-05;EMPD2;Muller_a41;0,815416555;0,72952497;0,730911357;0,800423816;taiga;126.592;62.378
Muller_a42;07-WI-06;EMPD2;Muller_a42;0,772408386;0,693011617;0,696048629;0,658024134;taiga;125.6;62.508
Muller_a43;07-WI-07;EMPD2;Muller_a43;0,761360722;0,77239618;0,806524939;0,851540628;taiga;124.904;62.611
Muller_a44;07-WI-08;EMPD2;Muller_a44;0,65518716;0,711315758;0,710466533;0,661600904;taiga;124.312;62.869
Muller_a45;07-WI-09;EMPD2;Muller_a45;0,560497629;0,449917018;0,489247682;0,500353497;taiga;123.988;63.136
Muller_a46;07-WI-10;EMPD2;Muller_a46;0,589700251;0,521334633;0,452679033;0,473662508;taiga;123.466;63.374
Muller_a47;07-WI-11;EMPD2;Muller_a47;0,678363363;0,662246394;0,535400195;0,476938762;taiga;123.054;63.61
Muller_a48;07-WI-12;EMPD2;Muller_a48;0,715421856;0,759541767;0,789487174;0,760912299;taiga;122.635;63.777
Muller_a49;07-YT-01;EMPD2;Muller_a49;0,66524378;0,541931466;0,582146415;0,686669228;taiga;130.003;62.032
Muller_a50;07-YT-02;EMPD2;Muller_a50;0,786003022;0,785262077;0,746009329;0,779222236;taiga;130.816;62.158
Muller_a51;07-YT-03;EMPD2;Muller_a51;0,815347735;0,838960698;0,865872473;0,893544483;taiga;131.604;62.087
Muller_a52;07-YT-04;EMPD2;Muller_a52;0,770498782;0,662713704;0,60611201;0,573421662;taiga;133.134;62.148
Niemeyer_a1;13-TY-01;EMPD2;Niemeyer_a1;0,019637255;0,000342714;6,99368E-05;6,99368E-05;tundra;105.8807;72.66776
Niemeyer_a2;13-TY-02;EMPD2;Niemeyer_a2;0,046527767;0,002646778;0,000521089;0,000514535;tundra;105.7174;72.55307
Niemeyer_a3;13-TY-05;EMPD2;Niemeyer_a3;0,046086999;0,00300342;0,000558246;0,000571006;tundra;105.7504;72.54811
Niemeyer_a4;13-TY-03;EMPD2;Niemeyer_a4;0,046948916;0,003221933;0,000629309;0,00056449;tundra;105.7258;72.54794
Niemeyer_a5;13-TY-04;EMPD2;Niemeyer_a5;0,046508349;0,003158216;0,000593232;0,000562002;tundra;105.7421;72.54733
Niemeyer_a6;13-TY-06;EMPD2;Niemeyer_a6;0,046514036;0,00379143;0,000648744;0,000647143;tundra;105.7635;72.54158
Niemeyer_a7;13-TY-08;EMPD2;Niemeyer_a7;0,057250864;0,022622161;0,002510055;0,001928882;tundra;105.6483;72.4883
Niemeyer_a8;13-TY-12;EMPD2;Niemeyer_a8;0,080179038;0,074992669;0,045144596;0,037239438;tundra;105.4477;72.41291
Niemeyer_a9;13-TY-11;EMPD2;Niemeyer_a9;0,079636389;0,076426166;0,04599266;0,040358104;tundra;105.4635;72.41184
Niemeyer_a10;13-TY-10;EMPD2;Niemeyer_a10;0,081802909;0,080077466;0,054822448;0,045562047;tundra;105.4424;72.40615
Niemeyer_a11;13-TY-09;EMPD2;Niemeyer_a11;0,082936195;0,083928046;0,063812062;0,052733723;tundra;105.4398;72.40078
Niemeyer_a12;13-TY-15;EMPD2;Niemeyer_a12;0,083316403;0,090728177;0,075344086;0,066645963;tundra;105.4658;72.39236
Niemeyer_a13;13-TY-13;EMPD2;Niemeyer_a13;0,084363248;0,090979573;0,077639197;0,067833246;tundra;105.4434;72.39159
Niemeyer_a14;13-TY-14;EMPD2;Niemeyer_a14;0,084660172;0,095058155;0,084890466;0,07808621;tundra;105.4566;72.38663
Niemeyer_a15;13-TY-16;EMPD2;Niemeyer_a15;0,1932625;0,267279321;0,187094692;0,233668644;tundra-forest;104.4878;72.18103
Niemeyer_a16;13-TY-28;EMPD2;Niemeyer_a16;0,163738502;0,167954238;0,256612593;0,320680887;tundra-forest;102.1013;72.15487
Niemeyer_a17;13-TY-27;EMPD2;Niemeyer_a17;0,162575258;0,168606503;0,257500296;0,339907453;tundra-forest;102.0754;72.15327
Niemeyer_a18;13-TY-26;EMPD2;Niemeyer_a18;0,163311678;0,170587637;0,26466405;0,351468246;tundra-forest;102.0559;72.14929
Niemeyer_a19;13-TY-29;EMPD2;Niemeyer_a19;0,169036596;0,168470314;0,262873004;0,301213493;tundra-forest;102.1160;72.1484
Niemeyer_a20;13-TY-30;EMPD2;Niemeyer_a20;0,170845965;0,170351554;0,270300097;0,312366504;tundra-forest;102.0905;72.14203
Niemeyer_a21;13-TY-31;EMPD2;Niemeyer_a21;0,172393972;0,173785362;0,274021988;0,328938561;tundra-forest;102.0680;72.13599
Niemeyer_a22;13-TY-32;EMPD2;Niemeyer_a22;0,174475872;0,180939545;0,288673332;0,338314652;tundra-forest;102.0343;72.12775
Niemeyer_a23;13-TY-25;EMPD2;Niemeyer_a23;0,276355121;0,337309858;0,46859146;0,674742776;tundra-forest;101.2170;71.88648
Niemeyer_a24;13-TY-17;EMPD2;Niemeyer_a24;0,484841533;0,612877365;0,63070574;0,568919205;taiga;102.2826;71.4031
Niemeyer_a25;13-TY-20;EMPD2;Niemeyer_a25;0,482846129;0,629218634;0,613995885;0,624213181;taiga;100.8528;71.11221
Niemeyer_a26;13-TY-21;EMPD2;Niemeyer_a26;0,480784584;0,625539467;0,613651303;0,589215;taiga;100.8228;71.10669
Niemeyer_a27;13-TY-23;EMPD2;Niemeyer_a27;0,481397334;0,609213505;0,606341853;0,611831239;taiga;100.8760;71.10383
Niemeyer_a28;13-TY-19;EMPD2;Niemeyer_a28;0,479766556;0,617198762;0,609934753;0,585109579;taiga;100.8272;71.10203
Niemeyer_a29;13-TY-22;EMPD2;Niemeyer_a29;0,478810972;0,603022295;0,603912715;0,581756074;taiga;100.8538;71.09708
Niemeyer_a30;13-TY-24;EMPD2;Niemeyer_a30;0,477756694;0,614450768;0,613191645;0,554641014;taiga;100.7974;71.09591
Niemeyer_a31;13-TY-18;EMPD2;Niemeyer_a31;0,477627439;0,602362062;0,603912715;0,558061254;taiga;100.8310;71.09266
Novenko_c151;151;EMPD2;Novenko_c151;0,114018125;0,24;0,343160156;0,314219423;tundra;88.4083;69.3756
П1;П1;Turukhansk 2021;Туруханск ПП1;0,771;0,725;0,621;0,845;taiga;87.9283;65.83092
П2;П2;Turukhansk 2021;Туруханск Бол. Вост. ПП2;0,771;0,725;0,619;0,834;taiga;87.92538;65.8316
П3;П3;Turukhansk 2021;Туруханск ПП3;0,771;0,7245;0,621;0,823;taiga;87.92443;65.83056
П4;П4;Turukhansk 2021;Туруханск ПП4;0,7705;0,724;0,623;0,798;taiga;87.92101;65.82935
П5;П5;Turukhansk 2021;Туруханск ПП5;0,77;0,723;0,627;0,762;taiga;87.91605;65.82771
П5.2;П5.2;Turukhansk 2021;Туруханск 5 Кр. Солн;0,77;0,723;0,627;0,762;taiga;87.91606;65.82772
П7;П7;Turukhansk 2021;Бол. Березовое ПП7;0,77;0,716;0,652;0,498;taiga;87.89789;65.80515
П8;П8;Turukhansk 2021;Туруханск ПП8;0,771;0,7245;0,621;0,823;taiga;87.92443;65.83056
П9;П9;Turukhansk 2021;Тураханск ПП9;0,77;0,717;0,65;0,535;taiga;87.89810;65.80922
П10;П10;Turukhansk 2021;Туруханск ПП10;0,77;0,716;0,65;0,53;taiga;87.89463;65.81011
П11;П11;Turukhansk 2021;Туруханск ПП11;0,776;0,741;0,702;0,777;taiga;88.01039;65.81496
П12;П12;Turukhansk 2021;Туруханск ПП12;0,776;0,739;0,669;0,837;taiga;88.00166;65.82541
П13;П13;Turukhansk 2021;Тураханск ПП13;0,777;0,741;0,694;0,808;taiga;88.01044;65.82109
П14;П14;Turukhansk 2021;Туруханск ПП14;0,776;0,742;0,697;0,887;taiga;88.01670;65.83470
П15;П15;Turukhansk 2021;Туруханск ПП15;0,775;0,742;0,696;0,921;taiga;88.01643;65.83813
П16;П16;Turukhansk 2021;Туруханск ПП16;0,775;0,741;0,686;0,9155;taiga;88.01178;65.83699
П17;П17;Turukhansk 2021;Туруханск ПП17;0,778;0,745;0,76;0,872;taiga;88.04349;65.83547
П18;П18;Turukhansk 2021;Туруханск ПП18;0,778;0,745;0,7545;0,858;taiga;88.04197;65.83218
П18.2;П18.2;Turukhansk 2021;Туруханск 19 термокарстовая воронка;0,778;0,745;0,7545;0,858;taiga;88.04198;65.83219
П19;П19;Igarka 2021;Игарка 19;0,63;0,63;0,653;0,718;taiga;86.69953;67.43952
П20;П20;Igarka 2021;Игарка 20;0,627;0,633;0,655;0,774;taiga;86.70856;67.44903
П21;П21;Igarka 2021;Игарка 21;0,647;0,6625;0,59;0,523;taiga;86.44046;67.48152
П22;П22;Igarka 2021;Игарка 22;0,647;0,662;0,594;0,517;taiga;86.44047;67.48014
П23;П23;Igarka 2021;Игарка 23;0,647;0,664;0,592;0,502;taiga;86.42863;67.48158
П24;П24;Igarka 2021;Игарка 24;0,635;0,657;0,639;0,849;taiga;86.54380;67.50485
П25;П25;Igarka 2021;Игарка 25;0,634;0,656;0,653;0,844;taiga;86.55671;67.50558
П26;П26;Igarka 2021;Игарка 26;0,634;0,657;0,642;0,849;taiga;86.54484;67.50545
П27;П27;Igarka 2021;Игарка 27;0,629;0,629;0,626;0,813;taiga;86.73605;67.43405
П28;П28;Igarka 2021;Игарка 28;0,631;0,628;0,6215;0,805;taiga;86.74737;67.42499
П29;П29;Igarka 2021;Игарка 29;0,633;0,627;0,617;0,8;taiga;86.76391;67.41426
П30;П30;Igarka 2021;Играка 30;0,633;0,627;0,617;0,798;taiga;86.76229;67.41339
П31;П31;Igarka 2021;Игарка 31;0,622;0,653;0,792;0,801;taiga;86.64064;67.53098
П32;П32;Igarka 2021;Игарка 32;0,622;0,653;0,792;0,8;taiga;86.64317;67.53068
П33;П33;Igarka 2021;Игарка 33;0,622;0,653;0,792;0,8;taiga;86.64364;67.53014
П34;П34;Igarka 2021;Игарка 34;0,623;0,653;0,781;0,807;taiga;86.62604;67.52597
V1;V1;Vanavara 2022;V1;0,954;0,954;0,932;0,867;taiga;102.3129;60.32121
V3;V3;Vanavara 2022;V3;0,954;0,951;0,93;0,865;taiga;102.3067;60.31655
V6;V6;Vanavara 2022;V6;0,954;0,954;0,93;0,871;taiga;102.3055;60.32803
V7;V7;Vanavara 2022;V7;0,954;0,952;0,93;0,866;taiga;102.3047;60.32201
V8;V8;Vanavara 2022;V8;0,953;0,949;0,929;0,864;taiga;102.3018;60.31238
V9;V9;Vanavara 2022;V9;0,953;0,951;0,923;0,877;taiga;102.2841;60.34111
V14;V14;Vanavara 2022;V14;0,953;0,943;0,922;0,91;taiga;102.2452;60.36616
V18;V18;Vanavara 2022;V18;0,952;0,94;0,922;0,908;taiga;102.2387;60.36576
V20;V20;Vanavara 2022;V20;0,955;0,962;0,941;0,904;taiga;102.3261;60.35778
V21;V21;Vanavara 2022;V21;0,955;0,962;0,941;0,905;taiga;102.3261;60.35831
V22;V22;Vanavara 2022;V22;0,955;0,962;0,942;0,906;taiga;102.3304;60.35765
V23;V23;Vanavara 2022;V23;0,955;0,962;0,942;0,906;taiga;102.3322;60.35756
V25;V25;Vanavara 2022;V25;0,955;0,963;0,944;0,911;taiga;102.3412;60.35786
V26(1);V26(1);Vanavara 2022;V26(1);0,967;0,974;0,96;0,922;taiga;102.807733;60.394417
V28;V28;Vanavara 2022;V28;0,967;0,974;0,96;0,922;taiga;101.821517;60.393583
YKT1;YKT1;Yakutsk 2022;YKT1;0,641;0,504;0,513;0,441;taiga;129.6938;62.19176
OZ2;OZ2;Vanavara 2022;OZ2;0,934;0,971;0,988;0,995;taiga;101.7326;60.52890
OZ3;OZ3;Vanavara 2022;OZ3;0,934;0,971;0,988;0,995;taiga;101.731734;60.529875
OZ5;OZ5;Vanavara 2022;OZ5;0,934;0,971;0,988;0,995;taiga;101.718608;60.528772
OZ6;OZ6;Vanavara 2022;OZ6;0,934;0,971;0,988;0,995;taiga;101.717031;60.528025
OZ9;OZ9;Vanavara 2022;OZ9;0,934;0,971;0,988;0,995;taiga;101.733026;60.528491
OZ13;OZ13;Vanavara 2022;OZ13;0,934;0,971;0,988;0,995;taiga;101.729341;60.525074
OZ14;OZ14;Vanavara 2022;OZ14;0,934;0,971;0,988;0,995;taiga;101.731699;60.524325
OZ19;OZ19;Vanavara 2022;OZ19;0,934;0,971;0,988;0,995;taiga;101.723277;60.532436
OZ20;OZ20;Vanavara 2022;OZ20;0,934;0,971;0,988;0,995;taiga;101.722333;60.531653
OZ21;OZ21;Vanavara 2022;OZ21;0,934;0,971;0,988;0,995;taiga;101.723213;60.533197
OZ22;OZ22;Vanavara 2022;OZ22;0,934;0,971;0,988;0,995;taiga;101.718653;60.531225
OZ23;OZ23;Vanavara 2022;OZ23;0,934;0,971;0,988;0,995;taiga;101.727054;60.533313
OZ24;OZ24;Vanavara 2022;OZ24;0,934;0,971;0,988;0,995;taiga;101.723757;60.531013